Campaign_ID,Channel,Region,Age_Group,Month,Impressions,Clicks,Conversions,Cost,Revenue
CAMP_0001,Social Media,North,45-54,Aug,45732,4463,,4802.86,42751.88
CAMP_0002,PPC,North,45-54,Oct,1769,201,15.0,2123.51,2326.33
CAMP_0003,SEO,South,35-44,Dec,42434,4223,330.0,2182.22,58184.36
CAMP_0004,SEO,North,45-54,Feb,12394,1633,180.0,2695.73,14492.21
CAMP_0005,Social Media,West,25-34,Aug,24483,878,70.0,1063.87,13735.95
CAMP_0006,PPC,South,25-34,Apr,44573,4059,197.0,4550.94,37421.97
CAMP_0007,SEO,North,25-34,May,30127,2836,287.0,3750.0,116088.53
CAMP_0008,SEO,East,18-24,Aug,40099,3630,284.0,3888.82,32233.99
CAMP_0009,Social Media,North,25-34,Jul,49190,6198,557.0,2173.95,129158.78
CAMP_0010,PPC,West,55+,Mar,9392,948,51.0,7489.76,3684.01
CAMP_0011,SEO,South,35-44,Sep,43530,3542,273.0,1679.11,93438.32
CAMP_0012,PPC,West,45-54,May,24419,830,35.0,2665.34,3249.52
CAMP_0013,Email,South,55+,Sep,34827,4965,,1525.96,261427.09
CAMP_0014,Email,West,18-24,Jul,47699,2110,312.0,1641.34,113938.51
CAMP_0015,Influencer,West,35-44,Sep,2306,174,14.0,4904.93,740.95
CAMP_0016,SEO,North,45-54,Jan,14545,929,117.0,3015.8,26079.28
CAMP_0017,Email,North,35-44,Jan,18675,984,117.0,1134.79,19581.35
CAMP_0018,TV Ad,West,25-34,Jun,1854,104,3.0,11165.56,89.15
CAMP_0019,Email,South,35-44,Jan,33970,2311,234.0,2180.34,64255.94
CAMP_0020,Email,East,35-44,Apr,16708,2198,236.0,1770.5,68492.34
CAMP_0021,PPC,North,18-24,Feb,20360,1459,88.0,3046.2,14424.5
CAMP_0022,TV Ad,North,25-34,Jan,31306,1556,37.0,18160.09,2842.25
CAMP_0023,Email,East,45-54,Aug,30855,3156,342.0,2743.04,106639.2
CAMP_0024,Social Media,East,18-24,Mar,30299,937,59.0,4551.08,12185.63
CAMP_0025,TV Ad,North,45-54,Jan,22357,2041,68.0,9258.81,2873.69
CAMP_0026,SEO,East,35-44,Jun,23399,2731,309.0,1372.23,70541.0
CAMP_0027,Social Media,North,18-24,Dec,15373,2263,179.0,1975.96,29620.55
CAMP_0028,PPC,North,45-54,Dec,28643,3262,169.0,7185.01,19116.21
CAMP_0029,SEO,North,35-44,Dec,44525,3033,215.0,1694.59,53286.72
CAMP_0030,Influencer,East,25-34,Mar,36743,4800,299.0,5061.14,37681.52
CAMP_0031,SEO,South,18-24,Aug,8455,906,82.0,1110.96,12578.88
CAMP_0032,PPC,West,55+,Dec,41111,3776,198.0,6214.9,15134.01
CAMP_0033,SEO,East,45-54,Feb,5780,261,19.0,2404.85,1709.34
CAMP_0034,Email,South,18-24,Apr,34621,2169,206.0,1945.7,90968.69
CAMP_0035,Email,North,45-54,Jun,16338,596,72.0,1258.16,
CAMP_0036,Email,South,35-44,Jan,5142,570,53.0,1828.39,18747.73
CAMP_0037,Social Media,North,45-54,May,38945,1176,67.0,2734.08,17934.95
CAMP_0038,Email,West,55+,Jul,47175,4311,583.0,2788.03,111774.57
CAMP_0039,PPC,South,45-54,May,9130,476,26.0,4614.04,1182.98
CAMP_0040,Email,East,45-54,Jan,14245,1587,187.0,1278.53,39566.78
CAMP_0041,SEO,South,35-44,Oct,39649,3967,428.0,2879.28,68238.11
CAMP_0042,SEO,West,35-44,Apr,17364,715,53.0,2526.01,4832.87
CAMP_0043,SEO,North,18-24,Aug,36195,1328,157.0,2042.14,48410.1
CAMP_0044,Influencer,East,18-24,Oct,44404,2126,,4370.54,17462.61
CAMP_0045,Social Media,South,55+,Nov,10817,695,47.0,4379.5,9203.09
CAMP_0046,Influencer,North,35-44,Apr,24548,1391,78.0,8145.5,16325.4
CAMP_0047,Social Media,North,35-44,Sep,24190,3410,331.0,4105.65,66950.82
CAMP_0048,Social Media,West,55+,Sep,42555,5423,386.0,3137.31,59439.56
CAMP_0049,Influencer,North,35-44,Dec,18101,1954,135.0,5484.34,8076.22
CAMP_0050,Social Media,South,25-34,May,41419,5923,553.0,3690.07,114833.15
CAMP_0051,PPC,North,55+,Aug,25394,894,42.0,5275.49,6283.61
CAMP_0052,Email,North,18-24,Jun,20065,783,94.0,2554.65,23733.43
CAMP_0053,Influencer,West,35-44,Oct,38080,3691,235.0,9630.74,33526.76
CAMP_0054,Influencer,West,55+,Sep,45482,2409,159.0,3778.38,29172.51
CAMP_0055,PPC,South,55+,Jun,15683,2275,126.0,6086.24,20102.55
CAMP_0056,Influencer,North,45-54,Mar,23700,606,52.0,9845.3,11763.06
CAMP_0057,PPC,South,35-44,Jul,7190,732,49.0,2452.61,6586.08
CAMP_0058,Email,South,45-54,Apr,11975,329,36.0,1202.41,6040.89
CAMP_0059,SEO,East,18-24,Sep,32921,1796,164.0,1930.73,32528.3
CAMP_0060,Social Media,East,55+,Sep,36547,2018,125.0,4255.18,25706.54
CAMP_0061,Social Media,South,18-24,Nov,24793,2273,145.0,4730.91,29892.32
CAMP_0062,SEO,East,18-24,May,21309,2723,283.0,2018.85,20903.56
CAMP_0063,Email,North,55+,Oct,19384,1734,239.0,2661.81,79079.92
CAMP_0064,Influencer,West,25-34,Dec,39765,2095,126.0,4731.44,22591.46
CAMP_0065,Social Media,South,35-44,Sep,44125,5651,399.0,1088.74,113874.45
CAMP_0066,SEO,South,45-54,Feb,16254,1920,205.0,2336.15,32028.41
CAMP_0067,Social Media,North,45-54,Jul,7941,731,44.0,3359.67,7959.15
CAMP_0068,SEO,West,55+,Feb,38660,1512,189.0,3032.45,29875.64
CAMP_0069,SEO,East,35-44,Jun,40037,4097,345.0,1911.72,33863.65
CAMP_0070,PPC,North,25-34,Mar,43679,3211,235.0,3080.4,45112.49
CAMP_0071,Email,West,25-34,Feb,46659,3041,262.0,922.34,71238.07
CAMP_0072,Email,South,35-44,Jan,17282,433,61.0,1325.25,7232.7
CAMP_0073,Social Media,South,45-54,Jul,15178,667,44.0,4224.81,6374.06
CAMP_0074,SEO,South,35-44,Dec,40577,1005,85.0,3105.65,32962.73
CAMP_0075,Email,East,18-24,Jan,40650,2911,266.0,1618.53,42808.37
CAMP_0076,Email,North,55+,Feb,48915,2461,267.0,1318.74,54359.42
CAMP_0077,Email,North,45-54,Oct,15369,1421,179.0,1842.77,39253.76
CAMP_0078,SEO,South,45-54,Nov,11554,1712,,1581.93,17875.99
CAMP_0079,Email,West,25-34,Apr,21119,2884,258.0,2514.66,58497.99
CAMP_0080,TV Ad,South,35-44,Aug,42605,6252,186.0,17982.61,18222.86
CAMP_0081,SEO,West,18-24,Oct,7469,1089,122.0,3483.46,33028.25
CAMP_0082,PPC,South,25-34,May,2917,116,6.0,2523.74,286.19
CAMP_0083,Email,East,35-44,Jan,6287,787,80.0,2974.9,29473.14
CAMP_0084,Influencer,East,18-24,Aug,43929,1588,126.0,8221.82,11495.22
CAMP_0085,PPC,North,55+,May,22852,872,61.0,2288.57,3466.55
CAMP_0086,Email,West,35-44,Jun,21611,1320,166.0,2084.4,42517.73
CAMP_0087,SEO,West,35-44,Jul,10184,511,63.0,2203.98,14873.65
CAMP_0088,Email,North,45-54,Jul,32110,3691,494.0,2849.58,164294.13
CAMP_0089,SEO,South,25-34,Oct,33184,2008,170.0,3992.62,16506.0
CAMP_0090,SEO,West,55+,Aug,47197,5982,,3214.83,61416.9
CAMP_0091,Email,South,35-44,Nov,36659,4411,374.0,1073.13,107783.45
CAMP_0092,Social Media,East,45-54,Oct,15153,977,65.0,1726.39,7050.54
CAMP_0093,SEO,West,45-54,May,18368,978,111.0,2418.84,12651.41
CAMP_0094,TV Ad,West,18-24,Jun,28632,2717,86.0,15608.58,6909.81
CAMP_0095,Influencer,East,35-44,Aug,23116,3421,288.0,3859.68,51583.79
CAMP_0096,SEO,East,45-54,Sep,10524,669,79.0,2013.78,11532.32
CAMP_0097,Influencer,West,35-44,Mar,9070,590,47.0,9460.72,3938.42
CAMP_0098,Email,South,25-34,Dec,6299,469,,1944.08,18679.92
CAMP_0099,Email,North,18-24,Jul,5944,861,81.0,1787.93,8920.13
CAMP_0100,SEO,North,55+,Aug,27838,2101,247.0,1014.64,52015.26
CAMP_0101,SEO,South,35-44,Apr,39258,3098,,1740.94,62243.31
CAMP_0102,Email,North,45-54,Feb,41806,4929,510.0,2654.46,156065.69
CAMP_0103,Influencer,South,18-24,May,46368,2265,132.0,5855.89,6848.94
CAMP_0104,Email,South,35-44,Apr,36822,4186,594.0,2131.87,205997.23
CAMP_0105,TV Ad,East,55+,Mar,22389,1301,48.0,7116.23,1089.25
CAMP_0106,Email,East,25-34,Mar,32419,3615,540.0,2691.11,112932.95
CAMP_0107,SEO,East,45-54,Oct,15596,1011,117.0,1657.8,38331.9
CAMP_0108,PPC,East,18-24,Sep,49285,4108,304.0,2840.68,35862.03
CAMP_0109,SEO,North,25-34,Jul,24752,943,113.0,2827.13,
CAMP_0110,PPC,South,45-54,Jul,27665,2626,136.0,6935.5,19538.99
CAMP_0111,Email,North,25-34,Jan,41760,2281,,850.05,84068.2
CAMP_0112,Social Media,West,35-44,Oct,37397,976,62.0,2532.55,4700.41
CAMP_0113,Email,East,55+,Aug,25063,3484,473.0,2592.7,201390.13
CAMP_0114,Email,East,25-34,Sep,49275,2023,292.0,577.96,136235.75
CAMP_0115,PPC,North,35-44,Mar,16048,1054,59.0,2639.59,8447.62
CAMP_0116,Email,East,18-24,Jan,10650,589,74.0,505.85,8116.28
CAMP_0117,TV Ad,East,55+,Jun,21491,1943,71.0,11690.09,6886.66
CAMP_0118,PPC,West,18-24,Jul,12918,1422,62.0,7883.46,3038.55
CAMP_0119,SEO,South,35-44,Jul,17774,433,48.0,2314.27,16162.09
CAMP_0120,PPC,West,35-44,Dec,26510,2098,,6470.39,18865.26
CAMP_0121,Email,North,45-54,Jun,30866,1981,269.0,692.38,42712.77
CAMP_0122,Social Media,South,35-44,Jul,29687,2240,219.0,3503.57,31360.3
CAMP_0123,Email,North,55+,Dec,14919,1847,287.0,1459.91,93330.06
CAMP_0124,SEO,South,18-24,Mar,11616,1392,132.0,3595.77,39393.14
CAMP_0125,SEO,South,18-24,Jan,35801,2095,176.0,1750.41,12015.26
CAMP_0126,Social Media,West,35-44,Feb,44194,6341,594.0,1497.75,68934.63
CAMP_0127,Email,South,18-24,Oct,49988,5221,667.0,2977.92,109559.55
CAMP_0128,Email,East,45-54,Oct,15199,995,87.0,2893.18,39830.38
CAMP_0129,SEO,South,55+,Aug,19850,2353,262.0,1632.75,75063.67
CAMP_0130,PPC,West,55+,Sep,38443,3667,166.0,2209.19,15367.92
CAMP_0131,Email,West,45-54,Jun,29841,3737,490.0,2630.48,57284.09
CAMP_0132,Social Media,North,18-24,Feb,47681,4254,,3893.68,
CAMP_0133,SEO,North,55+,Jan,3396,468,48.0,2337.88,12658.48
CAMP_0134,Influencer,North,18-24,May,20623,1070,59.0,8581.98,5359.67
CAMP_0135,PPC,East,25-34,Oct,3469,154,11.0,5711.67,1454.3
CAMP_0136,Influencer,East,25-34,Nov,43534,1780,148.0,4600.38,22859.79
CAMP_0137,TV Ad,East,25-34,Sep,32966,2273,48.0,14477.2,1720.42
CAMP_0138,TV Ad,West,25-34,Apr,34339,1488,51.0,10128.08,2025.08
CAMP_0139,Social Media,South,55+,Dec,9073,740,43.0,3832.69,8182.59
CAMP_0140,PPC,West,35-44,Nov,36196,2528,112.0,2780.52,12261.93
CAMP_0141,PPC,East,55+,Nov,27029,2186,166.0,4675.42,24044.57
CAMP_0142,Email,West,45-54,May,14261,711,66.0,705.95,31233.15
CAMP_0143,Influencer,South,25-34,Mar,49901,5928,400.0,9001.52,38002.46
CAMP_0144,Email,North,18-24,May,49651,4625,545.0,2129.17,77144.63
CAMP_0145,Email,West,25-34,Mar,21017,2499,322.0,1634.23,26368.59
CAMP_0146,Email,South,18-24,Dec,48837,1721,160.0,1655.24,39755.65
CAMP_0147,Email,South,25-34,Jun,36201,4477,476.0,1954.93,41582.26
CAMP_0148,Social Media,West,18-24,Jun,21581,2978,270.0,3779.93,24451.03
CAMP_0149,SEO,North,55+,Jan,9905,1197,,3047.89,30628.01
CAMP_0150,Influencer,South,45-54,Jan,44201,6500,373.0,5504.61,77495.61
CAMP_0151,TV Ad,West,25-34,Dec,2925,284,9.0,6863.3,433.67
CAMP_0152,Influencer,South,25-34,Mar,25826,2142,164.0,5376.15,25547.87
CAMP_0153,Email,North,35-44,Oct,37877,1159,102.0,910.0,12766.25
CAMP_0154,Social Media,South,25-34,Mar,5780,252,23.0,2880.73,3806.6
CAMP_0155,Email,South,18-24,Jul,3920,329,29.0,2990.83,4460.2
CAMP_0156,SEO,West,25-34,Jan,1956,254,27.0,3578.47,9380.4
CAMP_0157,SEO,South,25-34,Mar,26849,3068,304.0,2681.79,125444.2
CAMP_0158,SEO,West,25-34,Dec,49364,3976,477.0,3719.56,136556.33
CAMP_0159,Social Media,East,18-24,Apr,27916,3658,291.0,3050.46,60977.94
CAMP_0160,SEO,West,45-54,Jul,27616,1984,241.0,1323.28,50661.26
CAMP_0161,SEO,North,18-24,May,45738,3543,318.0,1555.36,89349.27
CAMP_0162,Email,East,55+,Dec,24040,1269,139.0,2042.86,
CAMP_0163,SEO,West,25-34,Feb,27155,2118,258.0,3501.35,65062.98
CAMP_0164,Email,North,18-24,Jan,1281,32,2.0,1077.83,789.64
CAMP_0165,SEO,South,55+,Sep,42235,6261,800.0,3002.27,240570.52
CAMP_0166,SEO,North,45-54,Feb,7570,632,69.0,1613.52,5158.5
CAMP_0167,Email,East,25-34,Jan,11225,499,68.0,2183.58,9662.25
CAMP_0168,Influencer,North,45-54,Nov,23473,522,30.0,9612.3,6815.49
CAMP_0169,TV Ad,South,45-54,Feb,36840,1769,58.0,15342.9,4204.4
CAMP_0170,TV Ad,East,18-24,Nov,6704,889,34.0,5723.18,1070.6
CAMP_0171,Influencer,East,35-44,Nov,30165,4233,285.0,5828.98,67150.39
CAMP_0172,Social Media,East,45-54,Sep,27200,1705,147.0,2187.48,25964.39
CAMP_0173,SEO,South,25-34,Sep,32010,1585,117.0,2546.2,34905.41
CAMP_0174,Social Media,North,25-34,May,36631,4766,476.0,4453.33,39995.76
CAMP_0175,Email,North,55+,Jul,9234,1102,157.0,1691.74,69965.42
CAMP_0176,Social Media,North,55+,Jun,28764,3933,266.0,4586.86,20098.75
CAMP_0177,Email,West,25-34,Apr,8151,717,94.0,915.83,29297.27
CAMP_0178,PPC,South,55+,Jul,44596,3289,152.0,4399.43,19262.75
CAMP_0179,Social Media,North,45-54,Aug,9636,514,52.0,4173.63,11346.44
CAMP_0180,SEO,North,25-34,Aug,23668,2324,276.0,1159.37,47495.27
CAMP_0181,Social Media,East,45-54,Dec,7295,481,32.0,4359.45,3885.07
CAMP_0182,PPC,East,45-54,Feb,38778,3920,228.0,6857.18,15383.0
CAMP_0183,SEO,South,18-24,Sep,42621,983,106.0,2513.15,27477.08
CAMP_0184,SEO,North,18-24,Nov,47882,4674,516.0,3960.91,109450.11
CAMP_0185,TV Ad,West,55+,Jan,39467,4505,141.0,6925.91,3549.19
CAMP_0186,SEO,West,55+,Dec,11106,718,76.0,2083.8,25062.19
CAMP_0187,Email,South,25-34,Jul,35503,3714,454.0,1850.03,
CAMP_0188,Social Media,North,55+,Sep,10686,859,50.0,2451.78,12872.26
CAMP_0189,Email,West,35-44,Jul,24197,1900,263.0,1523.69,76823.25
CAMP_0190,Social Media,West,25-34,Aug,27116,3140,291.0,1609.66,50060.55
CAMP_0191,PPC,East,25-34,Feb,12023,1032,49.0,2766.28,2319.19
CAMP_0192,Social Media,West,25-34,Jul,48864,4495,317.0,2385.29,44076.41
CAMP_0193,Email,South,25-34,Mar,11382,1695,246.0,2465.69,87231.73
CAMP_0194,PPC,North,35-44,Feb,8629,1076,75.0,5194.89,3569.26
CAMP_0195,Email,South,18-24,Apr,8373,1229,159.0,1059.04,23346.75
CAMP_0196,SEO,North,55+,May,32055,3828,308.0,1245.43,62397.9
CAMP_0197,Email,West,45-54,Apr,18347,689,105.0,1695.59,44264.78
CAMP_0198,Social Media,East,35-44,May,13677,274,15.0,1422.66,1996.86
CAMP_0199,PPC,North,35-44,May,37618,4440,285.0,4758.8,27795.97
CAMP_0200,Email,West,18-24,May,10074,434,58.0,1258.19,18238.92
CAMP_0201,SEO,East,55+,Mar,42779,4502,544.0,1780.01,192742.7
CAMP_0202,Social Media,South,35-44,May,35317,1518,113.0,2656.52,13892.78
CAMP_0203,Email,South,25-34,May,24177,2623,256.0,1149.53,52292.51
CAMP_0204,Email,West,55+,Oct,1671,139,12.0,661.54,2928.99
CAMP_0205,Email,South,25-34,May,38487,4458,527.0,2661.65,109744.43
CAMP_0206,TV Ad,North,18-24,Oct,31911,3902,104.0,6997.18,6458.94
CAMP_0207,TV Ad,North,18-24,Dec,26364,3355,100.0,8795.88,5613.69
CAMP_0208,SEO,North,35-44,Jan,48684,5640,568.0,3623.87,55415.43
CAMP_0209,Email,West,35-44,Apr,36479,898,108.0,678.14,24967.27
CAMP_0210,PPC,South,45-54,Jan,29138,2143,132.0,5968.22,7430.65
CAMP_0211,Social Media,South,18-24,Sep,36144,2517,165.0,4076.89,25191.25
CAMP_0212,TV Ad,South,55+,May,7910,1154,40.0,12173.83,3790.22
CAMP_0213,TV Ad,North,35-44,Dec,30921,1133,30.0,12811.52,1400.83
CAMP_0214,Social Media,West,55+,Mar,13275,680,42.0,1654.74,8730.27
CAMP_0215,PPC,South,45-54,Nov,11736,629,38.0,3901.53,2944.45
CAMP_0216,Social Media,West,35-44,Feb,44541,4015,365.0,4012.75,59872.2
CAMP_0217,Email,East,35-44,Jul,21567,1391,158.0,1764.63,58878.12
CAMP_0218,PPC,North,45-54,May,10496,1248,59.0,7239.94,2350.19
CAMP_0219,Influencer,South,35-44,Nov,22727,3053,233.0,4945.31,38471.49
CAMP_0220,PPC,South,18-24,Feb,20363,421,29.0,4251.56,3667.39
CAMP_0221,PPC,West,55+,Apr,37751,1485,78.0,6070.27,17450.22
CAMP_0222,PPC,South,45-54,Dec,24705,1751,99.0,7317.17,4216.7
CAMP_0223,PPC,South,45-54,Apr,28766,3844,232.0,2557.94,13962.29
CAMP_0224,Email,South,35-44,Jun,17029,2122,,1716.49,62959.18
CAMP_0225,PPC,West,18-24,Jul,22817,2555,179.0,6475.55,19406.25
CAMP_0226,Email,North,18-24,Jun,20194,2507,348.0,1428.56,
CAMP_0227,PPC,South,55+,Sep,19394,2117,164.0,6713.91,27832.42
CAMP_0228,SEO,North,35-44,Mar,47850,1119,79.0,3934.87,14603.23
CAMP_0229,TV Ad,South,55+,Apr,6017,802,28.0,8889.45,2164.95
CAMP_0230,Email,North,45-54,Dec,16078,2210,330.0,701.5,32071.07
CAMP_0231,Email,South,45-54,Jul,14975,1218,103.0,2378.44,9420.17
CAMP_0232,Email,South,45-54,Sep,18015,2643,292.0,2765.64,105598.96
CAMP_0233,SEO,East,25-34,Aug,3643,366,37.0,907.56,6122.43
CAMP_0234,SEO,North,55+,Oct,42903,6083,444.0,1209.56,68375.55
CAMP_0235,TV Ad,West,18-24,Sep,35521,1593,43.0,7174.48,3992.84
CAMP_0236,Email,North,55+,Feb,26470,1393,202.0,2300.02,54417.26
CAMP_0237,Social Media,South,55+,May,45629,4168,356.0,3170.18,72327.2
CAMP_0238,TV Ad,West,45-54,Nov,4137,135,4.0,17749.63,330.41
CAMP_0239,SEO,West,45-54,Jun,35622,3015,272.0,966.26,77494.77
CAMP_0240,Email,South,45-54,Oct,31798,4271,626.0,815.63,133657.73
CAMP_0241,SEO,South,45-54,Jul,23263,1868,232.0,2568.04,54967.63
CAMP_0242,Influencer,West,45-54,Sep,33658,2603,148.0,5662.94,8016.63
CAMP_0243,SEO,West,45-54,Jun,7710,798,65.0,2830.66,
CAMP_0244,PPC,West,18-24,Jul,7530,506,37.0,3900.57,3790.9
CAMP_0245,Email,East,18-24,Dec,47971,6075,647.0,2734.97,299877.04
CAMP_0246,PPC,West,25-34,Nov,26150,2172,100.0,3918.0,9744.15
CAMP_0247,Email,South,55+,Mar,10752,345,29.0,531.52,5118.77
CAMP_0248,Email,South,45-54,Dec,10587,1475,135.0,2645.44,62727.75
CAMP_0249,Social Media,West,25-34,Jan,47037,6005,432.0,2017.29,75162.36
CAMP_0250,Email,West,18-24,May,46096,5354,,854.93,127444.21
CAMP_0251,Influencer,West,45-54,Jul,33602,3442,186.0,8906.16,20611.37
CAMP_0252,Email,East,55+,Mar,22447,661,59.0,2138.21,20964.86
CAMP_0253,PPC,North,25-34,Mar,9179,1303,95.0,4449.84,
CAMP_0254,Influencer,North,35-44,Mar,3454,145,9.0,7695.13,735.08
CAMP_0255,TV Ad,South,18-24,Mar,9787,218,6.0,6660.81,497.05
CAMP_0256,TV Ad,East,45-54,Jul,22778,2839,60.0,17390.59,5833.68
CAMP_0257,SEO,North,18-24,Aug,5493,265,20.0,2832.29,2650.03
CAMP_0258,Social Media,West,45-54,Aug,30492,1788,125.0,4298.14,8505.78
CAMP_0259,Influencer,East,35-44,Feb,6374,192,11.0,5312.86,630.06
CAMP_0260,SEO,North,18-24,Apr,14615,1871,198.0,2908.24,17970.27
CAMP_0261,Influencer,South,18-24,Mar,45096,1049,81.0,3452.81,14094.6
CAMP_0262,Influencer,East,45-54,Dec,15567,2230,150.0,6103.66,26794.09
CAMP_0263,Email,North,18-24,Feb,9770,1023,155.0,2466.88,54470.53
CAMP_0264,Social Media,North,18-24,Mar,42689,5889,397.0,2889.97,57139.24
CAMP_0265,Email,West,35-44,Apr,31519,3051,374.0,2026.95,43478.79
CAMP_0266,Email,North,18-24,Aug,17724,1364,136.0,1347.15,13050.55
CAMP_0267,Email,West,35-44,Mar,34623,3085,454.0,2042.67,44460.87
CAMP_0268,SEO,West,55+,Jan,45199,3382,320.0,3774.17,111941.88
CAMP_0269,Influencer,East,18-24,Apr,4321,491,41.0,9685.42,5718.55
CAMP_0270,PPC,West,45-54,Jan,18373,2279,150.0,2686.93,16574.18
CAMP_0271,Email,East,35-44,Oct,20086,2359,268.0,700.45,86458.05
CAMP_0272,SEO,North,35-44,Aug,41312,1655,132.0,1244.39,43063.42
CAMP_0273,Influencer,North,18-24,Sep,29939,1747,121.0,7864.18,6595.2
CAMP_0274,PPC,North,55+,Jun,35587,2503,181.0,5913.75,8894.93
CAMP_0275,PPC,East,35-44,Oct,43849,3067,178.0,4678.52,
CAMP_0276,Social Media,North,18-24,Jan,21384,1889,152.0,1109.68,24532.01
CAMP_0277,TV Ad,East,18-24,Jan,41379,2865,60.0,10096.53,5010.59
CAMP_0278,PPC,North,55+,Feb,1929,249,15.0,5634.68,851.15
CAMP_0279,SEO,East,35-44,Oct,34210,3049,238.0,888.12,28612.15
CAMP_0280,Social Media,West,25-34,Dec,3169,111,,2252.83,2410.85
CAMP_0281,SEO,West,55+,May,21538,3121,291.0,1082.25,51147.69
CAMP_0282,SEO,West,55+,Mar,9556,1137,136.0,2503.22,22878.26
CAMP_0283,Email,West,55+,Mar,17766,979,150.0,1768.62,31164.28
CAMP_0284,Email,North,25-34,Mar,14283,1031,160.0,2541.89,54741.29
CAMP_0285,Email,East,55+,Feb,2307,301,40.0,1487.84,6046.75
CAMP_0286,PPC,West,45-54,Sep,20595,513,35.0,5200.32,1713.42
CAMP_0287,Influencer,South,25-34,Apr,33272,4770,336.0,9608.29,50884.19
CAMP_0288,Social Media,North,35-44,May,14527,1123,95.0,1812.89,14124.83
CAMP_0289,TV Ad,East,18-24,Aug,19354,1902,60.0,11113.76,4110.5
CAMP_0290,Influencer,North,55+,Jul,16072,2187,112.0,6074.05,16237.5
CAMP_0291,Email,North,45-54,Feb,37188,891,130.0,1692.11,39433.27
CAMP_0292,Social Media,West,35-44,Jan,21536,2651,274.0,3932.2,62441.29
CAMP_0293,Social Media,West,35-44,Feb,21620,2549,,3531.63,53042.24
CAMP_0294,Email,East,35-44,Dec,22281,670,75.0,1497.75,7758.83
CAMP_0295,SEO,East,25-34,Oct,3092,445,45.0,3032.82,4221.21
CAMP_0296,Email,East,35-44,Aug,40233,1185,133.0,1695.65,20027.25
CAMP_0297,Social Media,North,55+,May,39454,5436,388.0,1609.32,38055.35
CAMP_0298,Email,West,45-54,Apr,48829,2168,294.0,1540.3,80694.46
CAMP_0299,PPC,West,55+,Nov,40323,2036,107.0,3451.59,12434.92
CAMP_0300,PPC,North,45-54,Jan,29278,1189,87.0,3628.46,14896.23
CAMP_0301,Social Media,West,25-34,Aug,24545,2989,269.0,1000.54,66502.89
CAMP_0302,Email,South,45-54,Apr,6276,885,127.0,1117.06,29981.77
CAMP_0303,PPC,North,25-34,Jul,44148,3307,183.0,7351.23,31020.35
CAMP_0304,SEO,East,55+,May,27586,3579,395.0,2040.48,53171.13
CAMP_0305,TV Ad,West,55+,Oct,29099,3239,85.0,16415.57,6204.28
CAMP_0306,Email,South,35-44,Dec,16206,1378,158.0,1746.43,24234.08
CAMP_0307,Email,North,35-44,Jun,14324,1062,152.0,2647.39,27221.8
CAMP_0308,Influencer,West,25-34,Mar,11860,1399,70.0,4510.18,14251.71
CAMP_0309,Social Media,East,35-44,Sep,20604,2239,175.0,3579.33,12593.0
CAMP_0310,Influencer,North,45-54,Oct,3100,339,20.0,8474.11,4561.94
CAMP_0311,Email,South,45-54,Oct,35832,4937,509.0,2340.5,212702.94
CAMP_0312,PPC,South,55+,Oct,20611,1128,56.0,3871.18,8246.32
CAMP_0313,PPC,South,45-54,Sep,31116,1696,72.0,6842.93,10541.82
CAMP_0314,Social Media,West,35-44,Aug,48658,5167,425.0,1005.41,94233.74
CAMP_0315,PPC,North,25-34,Feb,14767,692,32.0,6682.26,5558.83
CAMP_0316,SEO,West,45-54,Feb,40382,4333,454.0,3191.82,82874.67
CAMP_0317,PPC,North,25-34,Nov,17616,821,55.0,5367.76,10304.28
CAMP_0318,SEO,West,45-54,Sep,14379,1013,111.0,1270.28,18633.09
CAMP_0319,Influencer,West,18-24,Feb,37081,4068,358.0,7954.05,30914.1
CAMP_0320,Social Media,South,25-34,Oct,20167,1715,151.0,4044.35,13686.48
CAMP_0321,Email,North,18-24,Nov,31722,1317,152.0,1646.49,13699.53
CAMP_0322,PPC,West,35-44,Oct,14979,1583,72.0,7122.71,8863.19
CAMP_0323,SEO,South,45-54,Dec,42316,3250,343.0,1501.18,77412.75
CAMP_0324,PPC,West,55+,Oct,29001,3212,180.0,7447.39,40365.91
CAMP_0325,SEO,South,55+,Jun,46550,2335,227.0,3098.66,95354.57
CAMP_0326,SEO,South,45-54,Aug,19020,1312,135.0,3473.31,13990.01
CAMP_0327,Influencer,North,25-34,Apr,6722,356,21.0,8102.03,4158.46
CAMP_0328,Social Media,East,45-54,Apr,26242,3782,301.0,2591.35,46033.88
CAMP_0329,PPC,North,45-54,May,4696,365,18.0,7510.56,3659.09
CAMP_0330,Social Media,North,18-24,May,16417,2200,226.0,3626.52,41547.99
CAMP_0331,Email,West,35-44,May,44361,4806,481.0,938.05,154146.04
CAMP_0332,SEO,North,55+,Apr,44410,1718,164.0,3228.08,65128.3
CAMP_0333,Influencer,East,45-54,Sep,48857,2277,,9222.21,15378.61
CAMP_0334,Social Media,North,45-54,Feb,46026,3953,299.0,2180.97,75927.1
CAMP_0335,PPC,East,55+,May,20459,812,59.0,4115.62,4977.52
CAMP_0336,Social Media,South,55+,Apr,38544,770,58.0,3186.8,3708.2
CAMP_0337,Email,North,55+,Jul,23318,1045,111.0,503.68,36728.13
CAMP_0338,SEO,East,45-54,Jul,14156,1594,189.0,3667.33,31952.48
CAMP_0339,Email,South,35-44,Feb,25885,2505,329.0,2406.21,73886.97
CAMP_0340,PPC,North,35-44,May,4551,116,5.0,5502.64,443.63
CAMP_0341,SEO,West,35-44,Jun,39078,3366,310.0,3298.34,122263.56
CAMP_0342,TV Ad,North,55+,Jun,33934,4430,120.0,15418.93,2472.05
CAMP_0343,Social Media,West,18-24,Jan,2538,89,8.0,4914.1,1218.41
CAMP_0344,Social Media,South,25-34,Jan,34919,4813,273.0,1652.14,23658.42
CAMP_0345,TV Ad,West,35-44,May,15211,1409,42.0,11564.92,2995.19
CAMP_0346,SEO,West,35-44,Nov,1389,49,6.0,3099.05,2444.08
CAMP_0347,Influencer,West,35-44,Feb,17835,1805,112.0,4100.91,17068.07
CAMP_0348,Influencer,North,35-44,May,47289,2467,137.0,9342.61,5819.96
CAMP_0349,Social Media,North,25-34,Sep,20552,1561,153.0,3485.17,16488.38
CAMP_0350,PPC,East,35-44,Jun,27049,1263,70.0,3994.74,13479.69
CAMP_0351,SEO,North,25-34,Jun,16166,1231,158.0,3969.16,31338.28
CAMP_0352,SEO,East,35-44,Mar,2988,133,13.0,3932.66,2752.84
CAMP_0353,Email,East,35-44,Jun,42167,4300,531.0,1707.6,76521.27
CAMP_0354,Email,South,35-44,Oct,30267,967,119.0,1575.94,40776.69
CAMP_0355,SEO,East,25-34,Sep,46800,4134,351.0,2950.58,37191.12
CAMP_0356,Email,South,18-24,Dec,38525,5473,462.0,2861.84,152451.23
CAMP_0357,SEO,North,25-34,Jun,14318,757,73.0,2033.96,17488.09
CAMP_0358,TV Ad,North,45-54,Apr,17753,2069,55.0,6528.4,1785.44
CAMP_0359,Social Media,South,45-54,Aug,25473,3808,255.0,3893.79,49748.26
CAMP_0360,PPC,North,35-44,Feb,2134,247,10.0,6910.22,651.56
CAMP_0361,Email,East,25-34,Feb,28586,1371,174.0,1647.35,38205.23
CAMP_0362,Influencer,East,35-44,Aug,8610,489,40.0,8760.89,5272.47
CAMP_0363,Email,North,55+,Sep,24624,1152,163.0,1427.78,57690.51
CAMP_0364,Email,West,25-34,Dec,36585,3729,379.0,2468.43,94491.69
CAMP_0365,Email,West,55+,Nov,8697,1106,116.0,2459.97,10483.69
CAMP_0366,SEO,South,55+,May,4278,241,27.0,3766.75,4465.14
CAMP_0367,PPC,North,45-54,Dec,32174,3657,262.0,7655.19,42225.81
CAMP_0368,Email,North,55+,Apr,4606,244,33.0,1787.51,10462.9
CAMP_0369,PPC,North,35-44,Jul,20238,1014,54.0,4241.12,3205.58
CAMP_0370,Email,South,18-24,May,33854,4364,636.0,2647.04,163840.38
CAMP_0371,Social Media,South,55+,Jun,33115,1650,101.0,3887.72,4585.08
CAMP_0372,PPC,South,25-34,Oct,14045,433,18.0,3780.72,2775.21
CAMP_0373,PPC,South,35-44,Jun,30345,2655,169.0,5492.86,7286.66
CAMP_0374,Email,South,25-34,Jan,44370,4099,467.0,2899.66,122010.63
CAMP_0375,Email,North,55+,Jul,38004,5060,655.0,1318.88,82431.37
CAMP_0376,Email,North,35-44,Sep,16810,782,94.0,2230.18,8292.53
CAMP_0377,PPC,North,18-24,Sep,37468,1830,123.0,4448.71,21703.36
CAMP_0378,Influencer,South,18-24,Mar,26963,1708,140.0,4424.06,10709.94
CAMP_0379,Email,South,45-54,Sep,35872,4464,664.0,1524.35,63072.17
CAMP_0380,PPC,East,45-54,Nov,31835,3319,148.0,7087.57,23118.51
CAMP_0381,Email,West,45-54,Nov,47773,5484,700.0,1615.97,160910.85
CAMP_0382,PPC,East,45-54,Feb,9026,625,44.0,6252.59,4863.7
CAMP_0383,PPC,South,25-34,Apr,49536,4732,271.0,5290.51,33224.19
CAMP_0384,Email,South,55+,Oct,25255,2846,318.0,2177.89,68738.52
CAMP_0385,Influencer,South,25-34,Dec,12138,926,75.0,8311.01,12194.49
CAMP_0386,SEO,South,45-54,Oct,33821,2374,250.0,3092.47,57940.49
CAMP_0387,SEO,South,18-24,Jun,28216,2708,211.0,1401.35,45097.52
CAMP_0388,SEO,South,55+,Nov,13226,1358,121.0,2837.64,15111.19
CAMP_0389,SEO,West,25-34,May,49564,6242,728.0,1646.83,109796.31
CAMP_0390,PPC,East,55+,Dec,30063,722,37.0,2903.65,5301.92
CAMP_0391,Email,North,25-34,Feb,3103,143,17.0,2167.12,4342.4
CAMP_0392,PPC,East,35-44,Oct,22372,643,29.0,6876.28,3129.3
CAMP_0393,Email,East,55+,Mar,46406,1171,133.0,1664.56,10496.27
CAMP_0394,Social Media,South,18-24,Apr,30179,3170,212.0,1054.79,36040.45
CAMP_0395,Email,East,18-24,Apr,18642,385,,2592.8,12425.72
CAMP_0396,TV Ad,East,35-44,Feb,11922,1286,30.0,16350.95,2130.23
CAMP_0397,Social Media,West,18-24,Nov,5996,895,92.0,3110.71,21383.94
CAMP_0398,TV Ad,North,18-24,Nov,20610,2227,61.0,17492.48,2516.37
CAMP_0399,PPC,West,45-54,Jun,19889,1831,126.0,5891.83,14667.52
CAMP_0400,SEO,East,35-44,Dec,46148,6614,487.0,2936.83,44877.76
CAMP_0401,SEO,North,18-24,Jun,48269,4328,429.0,2994.24,51912.7
CAMP_0402,PPC,West,25-34,Jan,43570,4229,231.0,2471.35,8333.47
CAMP_0403,SEO,West,35-44,May,47223,5184,548.0,3619.11,209780.68
CAMP_0404,Influencer,East,18-24,Aug,30768,4604,231.0,9192.08,42051.18
CAMP_0405,TV Ad,West,25-34,Mar,32085,2040,45.0,16638.67,4800.02
CAMP_0406,SEO,South,45-54,May,18478,875,73.0,3326.11,11664.82
CAMP_0407,SEO,South,55+,Aug,27616,4026,388.0,3952.97,115651.97
CAMP_0408,Email,West,25-34,Jun,16408,1082,114.0,1141.16,19380.0
CAMP_0409,Influencer,South,55+,Jun,16830,552,46.0,4084.48,7774.19
CAMP_0410,PPC,East,25-34,Sep,24906,508,24.0,3821.74,2978.8
CAMP_0411,PPC,West,18-24,Oct,42185,3357,228.0,3691.51,33592.81
CAMP_0412,Social Media,North,25-34,Sep,22158,2063,191.0,3152.09,12421.06
CAMP_0413,SEO,East,45-54,Nov,18618,1965,151.0,2346.18,19691.8
CAMP_0414,PPC,West,25-34,Jun,35700,4843,345.0,2756.01,53294.89
CAMP_0415,Email,North,35-44,Dec,49920,5811,605.0,1881.66,193756.65
CAMP_0416,SEO,North,35-44,Oct,34487,1970,247.0,2100.98,75186.2
CAMP_0417,Social Media,East,18-24,May,30872,3545,296.0,1348.07,71301.39
CAMP_0418,Influencer,West,55+,Jan,12669,1491,112.0,4747.68,6364.29
CAMP_0419,Email,East,35-44,Oct,34678,1592,167.0,1645.81,60894.34
CAMP_0420,PPC,South,18-24,Jul,49356,3979,276.0,5539.69,27356.62
CAMP_0421,TV Ad,East,18-24,Aug,31957,4077,98.0,10637.08,3038.4
CAMP_0422,Email,North,18-24,Apr,32923,2840,341.0,2175.08,27089.98
CAMP_0423,TV Ad,North,55+,Sep,10259,238,6.0,19945.97,135.15
CAMP_0424,SEO,East,35-44,Jan,16549,1827,194.0,1699.36,16272.51
CAMP_0425,Email,North,55+,Mar,10940,1023,154.0,1891.14,15808.29
CAMP_0426,SEO,West,35-44,Jul,21706,1615,141.0,3280.78,22316.21
CAMP_0427,Social Media,West,45-54,Jun,12410,558,39.0,3445.85,7221.94
CAMP_0428,Social Media,South,35-44,Oct,30964,660,59.0,2126.46,11593.18
CAMP_0429,Social Media,East,45-54,Aug,31391,2434,166.0,1569.02,35102.15
CAMP_0430,TV Ad,West,55+,Sep,21389,599,13.0,11792.21,798.48
CAMP_0431,Influencer,South,35-44,Mar,28543,2318,178.0,4325.75,35395.47
CAMP_0432,Social Media,South,25-34,Jul,20738,564,31.0,1459.19,5212.88
CAMP_0433,Influencer,South,35-44,Oct,47550,2774,170.0,9268.94,17796.86
CAMP_0434,SEO,East,25-34,Oct,1627,57,6.0,3562.03,1019.7
CAMP_0435,Email,West,45-54,Jul,24576,1016,93.0,2334.71,37119.92
CAMP_0436,PPC,North,45-54,Jan,14026,1313,86.0,7589.33,10102.55
CAMP_0437,Email,North,55+,May,21671,727,91.0,1134.84,11243.5
CAMP_0438,Email,East,25-34,Nov,25000,2774,356.0,1987.12,65584.17
CAMP_0439,PPC,East,25-34,Jul,42691,6312,324.0,5367.53,40901.75
CAMP_0440,Email,South,55+,Jan,22031,3274,410.0,568.13,111908.46
CAMP_0441,Email,South,18-24,Jun,48111,1952,,2739.71,24148.09
CAMP_0442,SEO,West,35-44,Dec,45476,4317,499.0,1384.55,91071.08
CAMP_0443,Email,South,35-44,Feb,1406,125,10.0,2834.37,2214.51
CAMP_0444,TV Ad,East,35-44,Dec,5621,729,18.0,13432.83,1032.33
CAMP_0445,PPC,North,55+,Jan,19323,1769,99.0,5889.42,18637.19
CAMP_0446,Influencer,West,45-54,Aug,36170,2392,158.0,9735.83,27644.53
CAMP_0447,Email,South,35-44,Sep,14699,1094,105.0,2568.26,33182.95
CAMP_0448,Social Media,South,25-34,Jun,37343,3002,222.0,4345.99,
CAMP_0449,SEO,South,25-34,Dec,28356,2035,196.0,2967.8,64271.8
CAMP_0450,Social Media,South,45-54,Jun,42247,3227,219.0,4660.24,24340.34
CAMP_0451,Social Media,North,18-24,Mar,46890,5988,540.0,1157.08,69586.08
CAMP_0452,Social Media,North,35-44,Oct,44461,3435,214.0,3684.37,36873.66
CAMP_0453,Email,South,35-44,May,26174,2087,240.0,2008.82,33705.13
CAMP_0454,Social Media,South,25-34,Sep,13317,1610,100.0,3185.83,14775.64
CAMP_0455,PPC,East,35-44,Nov,7782,172,11.0,4043.27,737.78
CAMP_0456,Influencer,South,25-34,Jun,28526,1072,62.0,9637.76,15064.12
CAMP_0457,Email,West,25-34,Dec,9378,898,,1550.01,16030.98
CAMP_0458,Social Media,East,45-54,Dec,6877,624,43.0,3264.86,5054.97
CAMP_0459,Social Media,West,45-54,Dec,47142,2317,154.0,1653.35,42609.51
CAMP_0460,Email,West,55+,May,16972,523,51.0,2066.14,5752.04
CAMP_0461,PPC,East,45-54,Apr,16790,1492,71.0,4906.35,12026.62
CAMP_0462,PPC,North,35-44,Jul,4969,363,24.0,4079.35,876.82
CAMP_0463,Influencer,East,35-44,Mar,19293,1037,89.0,4725.64,10155.23
CAMP_0464,PPC,West,35-44,May,37174,4735,313.0,7250.71,35690.0
CAMP_0465,Email,East,25-34,Mar,45331,1385,215.0,587.35,78079.14
CAMP_0466,SEO,South,45-54,Aug,47418,7021,814.0,3571.52,172230.07
CAMP_0467,SEO,North,45-54,Jul,24853,573,54.0,3521.84,
CAMP_0468,Email,North,25-34,Jul,36422,2958,353.0,2545.95,95060.75
CAMP_0469,Social Media,West,35-44,Oct,11770,428,44.0,4462.25,10736.76
CAMP_0470,Influencer,North,55+,Oct,25368,2758,201.0,9607.5,18487.97
CAMP_0471,PPC,North,18-24,Apr,42804,4535,296.0,3400.0,37438.2
CAMP_0472,PPC,West,25-34,Sep,30007,1931,114.0,2680.64,12125.22
CAMP_0473,SEO,West,35-44,Feb,23191,547,59.0,3381.62,14259.71
CAMP_0474,PPC,North,25-34,May,8452,1054,66.0,7791.82,
CAMP_0475,SEO,South,55+,Apr,6247,825,65.0,1891.07,28717.47
CAMP_0476,SEO,East,35-44,May,28564,3094,392.0,1785.24,28203.75
CAMP_0477,PPC,East,55+,Jul,6581,510,22.0,5802.27,4248.24
CAMP_0478,Email,East,35-44,Nov,26256,2097,251.0,2533.59,90552.79
CAMP_0479,Email,East,45-54,Mar,21955,1165,98.0,2280.34,37281.78
CAMP_0480,Influencer,North,18-24,Apr,10726,979,63.0,6871.78,7553.56
CAMP_0481,Email,East,45-54,Mar,48014,7123,826.0,702.6,319579.97
CAMP_0482,Influencer,West,35-44,Jan,16470,1010,70.0,5288.59,12139.39
CAMP_0483,PPC,East,35-44,Jun,6594,234,14.0,2769.96,2078.14
CAMP_0484,Email,South,35-44,Mar,47988,1120,117.0,2450.87,33707.49
CAMP_0485,Email,West,35-44,Jul,18241,621,73.0,1877.63,20314.17
CAMP_0486,TV Ad,East,45-54,Jun,29621,777,20.0,12112.46,1523.75
CAMP_0487,PPC,East,55+,Apr,49994,6263,394.0,2923.52,41269.43
CAMP_0488,Email,West,18-24,Sep,31573,2015,305.0,2254.35,103084.51
CAMP_0489,Influencer,East,45-54,Jun,44123,4758,312.0,5121.12,43600.58
CAMP_0490,SEO,East,18-24,Apr,20953,2011,257.0,3328.05,23797.75
CAMP_0491,Email,East,18-24,Mar,21827,3267,380.0,652.76,79185.73
CAMP_0492,Email,South,18-24,Feb,16540,1281,167.0,2034.95,49803.07
CAMP_0493,Email,North,45-54,May,18848,1851,233.0,951.3,44751.77
CAMP_0494,PPC,North,55+,Mar,18027,849,37.0,2228.52,4980.86
CAMP_0495,Email,West,45-54,Mar,48025,4269,567.0,1135.65,79645.68
CAMP_0496,Email,North,45-54,Jun,31979,3193,388.0,1581.93,88100.01
CAMP_0497,SEO,East,25-34,Oct,40133,2679,236.0,2816.3,60031.32
CAMP_0498,TV Ad,South,55+,Sep,22061,2171,76.0,7657.3,4241.88
CAMP_0499,Influencer,East,55+,Jan,27123,3894,194.0,4043.99,14003.22
CAMP_0500,SEO,East,25-34,Dec,46825,4856,450.0,1924.94,98014.56
CAMP_0501,PPC,South,55+,Aug,33698,1536,88.0,7433.23,6213.49
CAMP_0502,SEO,East,45-54,Dec,19565,1576,152.0,3442.98,19008.4
CAMP_0503,Email,West,35-44,Oct,42913,1889,166.0,1695.84,59601.07
CAMP_0504,SEO,East,35-44,Jun,41902,3244,258.0,1996.19,31812.59
CAMP_0505,Social Media,West,35-44,May,33092,2740,203.0,4419.22,18956.73
CAMP_0506,Email,North,25-34,Sep,12279,1149,169.0,1883.23,71123.82
CAMP_0507,Influencer,North,25-34,Dec,27027,700,62.0,6674.3,6935.11
CAMP_0508,TV Ad,North,35-44,Sep,31063,3369,80.0,16947.27,5206.8
CAMP_0509,Email,West,18-24,Aug,28281,3037,292.0,1455.35,47435.89
CAMP_0510,PPC,West,55+,May,8235,354,16.0,5477.71,2507.3
CAMP_0511,Email,East,55+,Feb,20281,2191,270.0,947.58,106557.04
CAMP_0512,SEO,West,18-24,Jan,22650,3375,284.0,2871.87,110088.07
CAMP_0513,Social Media,North,35-44,Dec,41437,1877,178.0,4912.88,33036.48
CAMP_0514,Influencer,South,55+,Jul,6296,909,78.0,9064.96,10570.28
CAMP_0515,SEO,East,55+,Oct,24067,2594,243.0,989.37,26439.75
CAMP_0516,Influencer,West,55+,Nov,11304,746,46.0,9940.73,8599.0
CAMP_0517,Social Media,East,35-44,Oct,19324,1571,129.0,1975.21,12692.69
CAMP_0518,SEO,West,55+,Jan,36461,2296,263.0,938.61,35295.31
CAMP_0519,Email,North,35-44,Sep,7772,216,28.0,1153.33,4729.86
CAMP_0520,Email,West,35-44,Feb,43058,4134,627.0,728.27,133805.53
CAMP_0521,PPC,West,35-44,Feb,40255,3533,262.0,4169.88,9786.91
CAMP_0522,Influencer,South,35-44,Jan,47994,6003,448.0,7178.62,37451.15
CAMP_0523,Social Media,South,18-24,Nov,2462,172,13.0,1794.58,2355.84
CAMP_0524,Email,East,45-54,Aug,48645,5493,690.0,929.57,115392.04
CAMP_0525,PPC,West,25-34,Feb,28856,652,30.0,6791.93,3828.06
CAMP_0526,Influencer,South,18-24,May,8788,998,60.0,3132.62,3722.47
CAMP_0527,Email,West,18-24,Apr,24849,3272,392.0,2758.06,69742.78
CAMP_0528,SEO,South,35-44,May,18174,1829,216.0,2977.53,35721.08
CAMP_0529,PPC,South,45-54,Oct,8601,539,23.0,6149.93,3806.36
CAMP_0530,PPC,East,45-54,Mar,45130,3410,222.0,4201.77,18338.48
CAMP_0531,SEO,East,18-24,Mar,21863,3021,278.0,3748.84,109485.26
CAMP_0532,TV Ad,South,45-54,Apr,32186,3940,146.0,10650.15,11817.01
CAMP_0533,SEO,South,55+,Sep,42932,5721,669.0,2546.96,220552.46
CAMP_0534,Email,South,55+,Mar,11570,999,92.0,2173.39,30444.29
CAMP_0535,TV Ad,South,35-44,Jul,26783,1356,51.0,9932.34,2654.14
CAMP_0536,Email,North,35-44,Jan,17574,538,70.0,2262.6,22199.71
CAMP_0537,SEO,East,45-54,May,21651,980,116.0,3517.11,34333.67
CAMP_0538,SEO,East,45-54,Jan,29386,3617,466.0,2733.8,201901.44
CAMP_0539,Social Media,East,25-34,Apr,39737,2901,285.0,1556.99,58805.95
CAMP_0540,Email,West,45-54,Jan,22181,3160,333.0,2237.97,80838.53
CAMP_0541,Email,North,55+,Sep,37942,2520,274.0,640.41,64871.08
CAMP_0542,Email,West,55+,May,15645,1276,148.0,2956.85,45049.19
CAMP_0543,Influencer,South,45-54,May,7449,777,51.0,9265.4,4572.94
CAMP_0544,PPC,North,55+,Aug,11832,1768,101.0,6478.18,10952.69
CAMP_0545,SEO,South,35-44,Jan,25426,3532,426.0,3558.64,60914.62
CAMP_0546,PPC,East,18-24,Dec,40008,4469,237.0,7572.85,10710.5
CAMP_0547,Email,West,18-24,Aug,41635,6214,626.0,2373.45,76914.36
CAMP_0548,Influencer,South,35-44,Oct,1228,134,11.0,5388.71,2331.78
CAMP_0549,SEO,North,45-54,Jan,35886,2972,384.0,920.63,65819.72
CAMP_0550,Influencer,East,45-54,Aug,36289,2356,116.0,3681.57,9730.9
CAMP_0551,Email,East,18-24,Jul,49821,2558,257.0,2979.72,31598.52
CAMP_0552,Email,South,18-24,Feb,14276,1911,285.0,1408.18,56058.74
CAMP_0553,Social Media,East,18-24,Dec,28094,1161,108.0,2192.26,16876.87
CAMP_0554,Email,North,55+,Dec,30491,4037,373.0,2402.21,80045.02
CAMP_0555,Social Media,North,35-44,Jul,24065,2082,193.0,2931.41,54628.3
CAMP_0556,TV Ad,East,35-44,Feb,3155,181,5.0,14088.89,319.47
CAMP_0557,Email,East,55+,Oct,15820,2023,265.0,1275.77,79371.02
CAMP_0558,Email,East,25-34,Jan,15380,679,103.0,1443.41,15816.12
CAMP_0559,Email,West,55+,Oct,26279,921,124.0,947.74,45564.12
CAMP_0560,PPC,West,25-34,Nov,36228,1412,106.0,5771.4,21951.43
CAMP_0561,Email,West,55+,Dec,18587,1907,209.0,1336.97,51693.03
CAMP_0562,Email,West,35-44,Dec,47270,4987,621.0,991.72,207208.81
CAMP_0563,Email,North,45-54,Jun,21977,1789,198.0,1672.6,44949.19
CAMP_0564,Email,North,18-24,Jan,7858,214,27.0,1939.46,5239.8
CAMP_0565,Email,North,25-34,Aug,39239,3252,302.0,2622.31,111468.1
CAMP_0566,PPC,West,55+,Feb,13982,792,35.0,3441.32,6149.77
CAMP_0567,Email,East,45-54,Sep,33924,2172,331.0,2725.59,104446.13
CAMP_0568,Social Media,South,45-54,Jan,49091,2430,222.0,2996.8,36328.97
CAMP_0569,Social Media,West,35-44,Nov,48553,6760,558.0,2956.19,72677.01
CAMP_0570,PPC,West,55+,Jun,21167,2608,197.0,6997.62,31976.61
CAMP_0571,Social Media,South,45-54,Jul,24817,698,52.0,1205.05,7982.6
CAMP_0572,PPC,East,45-54,Apr,37953,3701,,5274.18,17543.06
CAMP_0573,PPC,South,25-34,Dec,12549,739,56.0,7742.81,7693.51
CAMP_0574,Email,South,45-54,Feb,43919,1102,170.0,1014.95,47348.97
CAMP_0575,Email,East,25-34,Dec,5994,503,67.0,2320.29,17388.79
CAMP_0576,PPC,East,35-44,Jun,45387,1612,86.0,2410.64,12803.24
CAMP_0577,Email,South,55+,Jul,23884,2889,418.0,2628.51,84384.72
CAMP_0578,PPC,West,25-34,Aug,23469,1115,48.0,2714.64,5631.82
CAMP_0579,PPC,North,25-34,Oct,25054,2843,214.0,3837.61,17176.74
CAMP_0580,Email,South,55+,Jun,12998,1159,144.0,2479.73,21199.81
CAMP_0581,Influencer,East,35-44,Sep,33786,4727,382.0,7078.8,31508.57
CAMP_0582,SEO,West,45-54,Oct,3567,201,15.0,2367.31,5429.32
CAMP_0583,Social Media,West,18-24,Jan,14749,1732,163.0,3633.23,9265.16
CAMP_0584,PPC,North,35-44,Feb,8868,724,39.0,7018.49,1862.16
CAMP_0585,Email,West,18-24,Nov,49247,7210,874.0,1311.52,151205.54
CAMP_0586,PPC,West,25-34,Oct,1755,226,11.0,6500.92,1137.36
CAMP_0587,SEO,East,18-24,May,34505,2494,238.0,1181.47,68588.6
CAMP_0588,Social Media,South,55+,Dec,24777,2481,241.0,1402.25,42517.8
CAMP_0589,Email,West,18-24,Apr,42136,6135,943.0,1510.6,312614.76
CAMP_0590,Influencer,West,25-34,May,22341,1846,149.0,7796.22,13905.85
CAMP_0591,Email,South,35-44,Oct,31831,3162,390.0,929.78,70793.45
CAMP_0592,SEO,East,55+,Jul,28594,3335,340.0,1118.66,114697.84
CAMP_0593,TV Ad,North,55+,Nov,7159,175,6.0,13634.98,231.94
CAMP_0594,Influencer,West,35-44,Apr,6812,416,35.0,7364.54,5739.57
CAMP_0595,PPC,North,55+,Jan,23538,2599,197.0,4844.95,25786.45
CAMP_0596,TV Ad,North,25-34,Sep,36450,1693,58.0,8136.46,3854.33
CAMP_0597,Email,South,45-54,Aug,25831,3489,314.0,1455.33,126092.07
CAMP_0598,Email,South,45-54,May,49353,5808,881.0,2942.41,196719.6
CAMP_0599,Social Media,North,55+,Mar,20556,2894,190.0,3803.23,43724.14
CAMP_0600,Email,West,25-34,Apr,42973,6350,827.0,1008.72,374930.98
CAMP_0601,SEO,North,45-54,Sep,43292,1882,238.0,2849.22,37974.57
CAMP_0602,Email,East,25-34,Jan,28675,1424,125.0,1106.36,28319.6
CAMP_0603,Social Media,East,45-54,Jan,41866,3978,351.0,1229.57,34684.69
CAMP_0604,Social Media,East,35-44,Nov,19646,411,36.0,3341.19,2298.92
CAMP_0605,SEO,West,45-54,Apr,32099,2143,218.0,3711.78,51274.9
CAMP_0606,PPC,West,45-54,Dec,39001,5155,305.0,6134.73,31486.89
CAMP_0607,Email,North,25-34,May,45980,1291,184.0,2566.16,37694.16
CAMP_0608,Influencer,West,18-24,Dec,16761,717,50.0,5134.32,11957.83
CAMP_0609,Email,North,25-34,Oct,15017,970,150.0,1439.63,21758.05
CAMP_0610,Social Media,North,55+,Jan,14439,382,23.0,2407.54,2768.61
CAMP_0611,Email,East,45-54,Feb,16032,714,81.0,2436.21,22867.06
CAMP_0612,Email,East,18-24,Jan,40520,3804,536.0,2404.72,109048.96
CAMP_0613,PPC,West,55+,Aug,5175,750,45.0,4924.44,3641.4
CAMP_0614,SEO,North,35-44,Sep,47136,2652,250.0,1837.85,28533.36
CAMP_0615,Social Media,West,35-44,May,34765,984,58.0,3920.01,11429.59
CAMP_0616,SEO,South,25-34,Nov,18232,1846,233.0,3710.71,63909.81
CAMP_0617,SEO,South,55+,Jun,12182,1089,121.0,845.43,19223.89
CAMP_0618,SEO,West,55+,Sep,25099,818,59.0,2506.64,4824.73
CAMP_0619,Social Media,East,18-24,Jan,22560,2410,150.0,1415.03,37982.44
CAMP_0620,Social Media,North,45-54,Apr,48374,1171,,2727.23,18388.41
CAMP_0621,Email,South,25-34,Nov,7784,394,37.0,1060.96,4751.39
CAMP_0622,PPC,East,45-54,Feb,31640,2974,217.0,5926.08,33858.54
CAMP_0623,Email,North,45-54,Apr,36208,4805,488.0,1156.21,237877.83
CAMP_0624,Influencer,West,55+,Jun,20867,1288,91.0,5260.93,9218.52
CAMP_0625,Email,South,25-34,Jun,31936,2106,224.0,2554.38,43310.93
CAMP_0626,PPC,South,18-24,Mar,32169,2503,157.0,5084.49,14368.13
CAMP_0627,SEO,South,45-54,Jun,33886,711,70.0,1083.45,13782.48
CAMP_0628,Influencer,West,18-24,Jul,24042,898,79.0,6222.3,5294.51
CAMP_0629,Social Media,North,35-44,Mar,41166,4651,320.0,4510.77,71463.46
CAMP_0630,Email,South,35-44,Aug,17535,2526,357.0,2665.57,34614.23
CAMP_0631,SEO,North,35-44,Jan,4395,514,36.0,3288.73,5142.93
CAMP_0632,PPC,East,35-44,Mar,13467,664,32.0,2058.97,3973.02
CAMP_0633,Influencer,North,25-34,Jan,15419,2015,103.0,9887.34,12781.33
CAMP_0634,Social Media,East,55+,Aug,34407,1916,150.0,2724.84,24154.19
CAMP_0635,SEO,North,45-54,Sep,8746,233,19.0,3086.27,3310.45
CAMP_0636,Email,East,25-34,Jun,40307,1504,226.0,1615.43,84406.3
CAMP_0637,SEO,North,25-34,Jun,21316,1810,209.0,2203.68,62447.91
CAMP_0638,Email,South,18-24,Jun,45786,2657,327.0,2665.46,89340.58
CAMP_0639,SEO,North,55+,Apr,48617,4310,422.0,2363.34,99806.86
CAMP_0640,SEO,East,55+,Jul,4385,441,36.0,1040.89,12625.35
CAMP_0641,Influencer,North,25-34,Mar,33991,3818,205.0,9786.44,21204.64
CAMP_0642,Social Media,East,18-24,May,14303,805,81.0,2856.0,12917.08
CAMP_0643,Social Media,East,35-44,Dec,37929,1080,103.0,2391.13,20349.76
CAMP_0644,TV Ad,West,25-34,May,9787,246,6.0,18677.28,542.16
CAMP_0645,Influencer,North,18-24,Mar,1229,172,13.0,6245.35,1677.56
CAMP_0646,SEO,North,35-44,Jan,6820,800,89.0,1936.91,7868.85
CAMP_0647,Email,South,35-44,Jun,31766,4314,501.0,849.23,54789.28
CAMP_0648,SEO,West,55+,Aug,21837,2818,345.0,2632.83,77321.0
CAMP_0649,Influencer,North,18-24,Oct,43431,4937,348.0,8743.55,57577.75
CAMP_0650,PPC,West,55+,Jun,13067,581,28.0,6364.71,3011.04
CAMP_0651,Email,North,25-34,Mar,31733,4753,584.0,1931.93,225813.45
CAMP_0652,Social Media,South,25-34,Sep,1726,188,,4353.6,2149.96
CAMP_0653,PPC,North,25-34,Jun,16958,1724,83.0,5718.49,11591.01
CAMP_0654,PPC,West,45-54,Jan,14393,1849,81.0,2424.75,15287.62
CAMP_0655,Email,East,45-54,Oct,31836,775,,1579.97,27500.75
CAMP_0656,SEO,North,35-44,Jun,6577,780,78.0,846.87,
CAMP_0657,Influencer,East,55+,Oct,37833,3676,296.0,7017.5,34353.65
CAMP_0658,Email,East,18-24,Oct,42256,2792,348.0,2959.83,124217.5
CAMP_0659,Email,West,45-54,Jan,40937,5645,542.0,2868.25,153791.8
CAMP_0660,SEO,North,55+,Mar,41733,1339,105.0,1027.32,18559.43
CAMP_0661,Email,South,25-34,Sep,39259,5072,625.0,2108.57,86355.68
CAMP_0662,Social Media,North,18-24,Dec,47691,5186,446.0,1917.57,24302.17
CAMP_0663,SEO,North,35-44,Oct,7093,456,36.0,3463.65,6464.87
CAMP_0664,PPC,West,45-54,Jul,11195,624,31.0,3461.69,5897.65
CAMP_0665,Email,North,25-34,Sep,29036,3457,523.0,695.75,88851.39
CAMP_0666,SEO,South,25-34,Apr,31728,1754,123.0,2317.04,19901.87
CAMP_0667,SEO,South,55+,Oct,24723,3381,426.0,1267.51,177201.88
CAMP_0668,Influencer,North,45-54,Apr,24097,504,41.0,4887.41,4068.98
CAMP_0669,Influencer,North,35-44,Feb,23763,2421,219.0,6520.13,11524.31
CAMP_0670,Social Media,West,18-24,Mar,20128,1084,65.0,4263.82,8680.11
CAMP_0671,Email,East,45-54,Feb,11550,312,26.0,2965.44,6882.12
CAMP_0672,Email,North,25-34,May,47660,3715,501.0,1264.74,78916.13
CAMP_0673,SEO,North,35-44,Dec,34653,3102,402.0,1209.0,132347.06
CAMP_0674,SEO,West,45-54,Dec,35800,4043,343.0,3637.11,50380.46
CAMP_0675,Influencer,East,18-24,Mar,21081,1367,76.0,4655.32,16241.0
CAMP_0676,Influencer,West,25-34,Nov,22252,1438,71.0,9046.53,16438.31
CAMP_0677,SEO,North,25-34,Dec,7825,919,105.0,2457.65,31712.95
CAMP_0678,Social Media,North,35-44,Jul,11100,1419,107.0,2760.72,22456.73
CAMP_0679,Email,North,18-24,Jun,13404,1360,149.0,2252.86,44324.88
CAMP_0680,Social Media,South,18-24,Jul,15385,1209,109.0,4475.84,17411.52
CAMP_0681,Email,East,25-34,Sep,15485,1242,147.0,1125.85,52049.22
CAMP_0682,SEO,South,35-44,Oct,2524,149,10.0,2230.0,3398.12
CAMP_0683,Social Media,South,18-24,Apr,11871,1557,114.0,3069.09,24079.64
CAMP_0684,TV Ad,South,45-54,Sep,33888,3838,134.0,19467.32,10405.81
CAMP_0685,Social Media,North,35-44,Jun,32663,1590,129.0,1993.15,33780.41
CAMP_0686,Email,South,25-34,Jun,3024,68,10.0,1016.99,2385.94
CAMP_0687,Influencer,East,25-34,Feb,27140,1106,90.0,5855.56,4998.94
CAMP_0688,Social Media,West,45-54,Dec,30432,1066,102.0,4078.93,13983.54
CAMP_0689,Influencer,South,55+,Sep,36321,5148,430.0,9354.33,38967.3
CAMP_0690,TV Ad,East,45-54,Dec,30680,2117,81.0,7743.4,4019.87
CAMP_0691,Email,South,55+,Apr,30825,3427,291.0,857.65,68892.76
CAMP_0692,SEO,South,18-24,Sep,24806,3134,344.0,2270.6,92672.18
CAMP_0693,Influencer,West,55+,Feb,5868,782,58.0,6755.68,10921.33
CAMP_0694,SEO,South,18-24,Aug,14237,1798,231.0,1610.24,50845.65
CAMP_0695,SEO,West,45-54,Sep,47577,2563,225.0,2941.65,68148.74
CAMP_0696,Email,East,55+,Jun,11929,1204,132.0,539.8,24216.73
CAMP_0697,Social Media,West,35-44,Oct,14265,520,50.0,4052.6,4068.75
CAMP_0698,PPC,East,18-24,Oct,32501,3106,,6553.21,13773.36
CAMP_0699,SEO,East,25-34,Sep,8860,745,73.0,2061.41,24883.58
CAMP_0700,Social Media,North,45-54,Oct,15352,2138,212.0,2967.71,35730.79
CAMP_0701,Email,East,35-44,Oct,1858,225,21.0,2873.2,3218.44
CAMP_0702,Social Media,North,35-44,Apr,3850,300,30.0,1328.04,3015.75
CAMP_0703,PPC,North,55+,Jun,5532,125,7.0,2459.73,713.84
CAMP_0704,Influencer,South,35-44,Oct,42196,5520,316.0,7083.98,39404.39
CAMP_0705,Social Media,North,35-44,Apr,45451,1393,91.0,3076.83,27335.81
CAMP_0706,SEO,South,35-44,May,27393,2305,224.0,1663.18,
CAMP_0707,Email,West,35-44,May,17138,2130,299.0,1458.47,56137.37
CAMP_0708,Email,South,35-44,Oct,21074,633,53.0,2700.39,10008.94
CAMP_0709,SEO,South,25-34,Mar,15017,511,62.0,2308.23,9004.16
CAMP_0710,TV Ad,East,18-24,May,28499,2571,56.0,7623.26,1697.59
CAMP_0711,PPC,North,55+,Apr,5655,727,,7973.71,2436.09
CAMP_0712,Email,East,18-24,Jan,33376,4948,435.0,1625.16,38377.56
CAMP_0713,Influencer,East,55+,Jan,3765,350,19.0,6583.57,1710.12
CAMP_0714,SEO,South,35-44,Feb,22133,505,59.0,1152.46,11233.68
CAMP_0715,Email,North,25-34,Dec,27469,3344,506.0,752.35,75183.05
CAMP_0716,Email,East,45-54,Oct,45007,5014,566.0,2887.66,202353.04
CAMP_0717,Social Media,West,35-44,Apr,36281,4446,394.0,2348.85,89251.95
CAMP_0718,PPC,East,45-54,Jul,5381,471,29.0,6819.02,3758.4
CAMP_0719,Social Media,North,45-54,May,10677,458,46.0,1423.22,4793.39
CAMP_0720,SEO,East,55+,Jul,47057,6887,547.0,1358.4,107590.86
CAMP_0721,Email,North,45-54,Dec,3105,264,30.0,1860.32,3872.27
CAMP_0722,SEO,East,45-54,May,42294,2701,192.0,3653.99,46005.52
CAMP_0723,PPC,East,25-34,Dec,46807,1669,121.0,7944.49,19943.12
CAMP_0724,TV Ad,North,18-24,Oct,48015,6575,249.0,6460.65,20433.28
CAMP_0725,SEO,North,35-44,Nov,23372,2357,250.0,2888.73,70340.75
CAMP_0726,Email,North,35-44,Feb,47631,1829,167.0,1459.87,19299.41
CAMP_0727,TV Ad,South,35-44,Aug,45627,5054,132.0,9795.81,11284.09
CAMP_0728,Email,East,45-54,Jan,37901,3544,426.0,2077.97,71493.82
CAMP_0729,Influencer,North,55+,Oct,11972,671,59.0,6386.95,9570.2
CAMP_0730,PPC,North,18-24,Mar,31348,2851,156.0,6246.52,8982.9
CAMP_0731,PPC,East,18-24,Aug,31936,3616,221.0,7228.93,17060.17
CAMP_0732,PPC,West,45-54,Jul,34547,1802,117.0,7401.87,20796.43
CAMP_0733,Social Media,East,25-34,Oct,27336,1499,155.0,4920.02,7297.02
CAMP_0734,SEO,South,55+,Feb,42964,2597,214.0,2266.26,87944.13
CAMP_0735,SEO,East,35-44,Sep,42182,3604,265.0,1941.67,83460.5
CAMP_0736,Email,East,18-24,Mar,18438,2640,231.0,2353.27,28034.27
CAMP_0737,Email,South,18-24,Apr,42381,3648,566.0,1649.04,188947.54
CAMP_0738,PPC,South,55+,Jan,16563,929,55.0,6160.41,5521.34
CAMP_0739,SEO,South,55+,Sep,39931,5783,633.0,3348.11,54524.15
CAMP_0740,PPC,West,18-24,Jul,20899,2745,154.0,3249.67,14260.44
CAMP_0741,PPC,South,55+,Feb,25811,2077,91.0,5030.69,8813.33
CAMP_0742,Social Media,West,55+,Dec,30565,2958,268.0,4137.62,74216.56
CAMP_0743,SEO,West,35-44,Apr,48752,7023,859.0,2930.74,279748.13
CAMP_0744,Email,West,25-34,Feb,40601,6087,784.0,1988.19,139493.13
CAMP_0745,TV Ad,East,45-54,Feb,7461,633,20.0,11455.15,1346.1
CAMP_0746,TV Ad,East,35-44,Jan,10018,549,19.0,15366.59,1034.13
CAMP_0747,PPC,North,18-24,Aug,9458,985,75.0,5947.7,14919.72
CAMP_0748,SEO,South,25-34,Apr,38415,3727,368.0,3198.77,31321.47
CAMP_0749,Social Media,North,45-54,May,22168,1241,73.0,2697.49,8023.76
CAMP_0750,Email,East,25-34,Aug,26112,1015,123.0,1429.59,42510.64
CAMP_0751,Email,North,18-24,Dec,38310,2194,272.0,711.92,50495.28
CAMP_0752,Email,South,45-54,Nov,30823,3143,433.0,727.19,102406.0
CAMP_0753,SEO,South,55+,May,43406,1244,161.0,3871.31,44152.34
CAMP_0754,SEO,North,35-44,Jul,45997,974,72.0,3685.22,18589.31
CAMP_0755,PPC,North,18-24,Jan,18733,2334,179.0,5740.47,18873.4
CAMP_0756,SEO,East,25-34,Sep,17475,2053,182.0,1262.2,30723.3
CAMP_0757,PPC,North,18-24,Feb,14750,298,15.0,4197.72,2275.32
CAMP_0758,SEO,South,45-54,Jan,35467,4484,345.0,1295.49,67601.94
CAMP_0759,Email,West,35-44,Sep,34837,3897,585.0,2703.15,112095.25
CAMP_0760,PPC,North,55+,Oct,1597,49,3.0,7475.6,325.19
CAMP_0761,Email,East,45-54,Dec,49279,5438,698.0,1390.62,150921.39
CAMP_0762,PPC,North,25-34,Oct,20239,1808,114.0,7411.46,17792.15
CAMP_0763,Social Media,North,55+,Jun,15691,2224,,4274.37,38011.44
CAMP_0764,PPC,West,55+,Jun,22352,1027,56.0,5182.55,8527.48
CAMP_0765,SEO,South,35-44,Apr,6435,942,82.0,2530.65,12624.9
CAMP_0766,Email,North,25-34,Dec,12688,1308,141.0,2164.41,46676.73
CAMP_0767,PPC,West,45-54,Oct,30482,2569,190.0,3360.41,17760.51
CAMP_0768,Email,West,45-54,Feb,12249,386,56.0,2730.59,7570.26
CAMP_0769,SEO,North,55+,Aug,16754,1554,142.0,1279.29,31755.27
CAMP_0770,Email,North,35-44,Aug,20859,829,77.0,2831.6,25980.77
CAMP_0771,Influencer,South,18-24,Jan,18615,1906,113.0,6999.33,16165.79
CAMP_0772,PPC,East,35-44,Apr,35332,3894,165.0,2105.87,14699.1
CAMP_0773,PPC,East,18-24,Aug,38579,4167,295.0,6818.22,46729.09
CAMP_0774,SEO,South,18-24,Jan,16184,1525,174.0,2023.95,28555.7
CAMP_0775,TV Ad,East,18-24,Jun,17940,588,14.0,13176.25,1368.24
CAMP_0776,Email,South,55+,Jan,28654,2318,293.0,1594.45,131008.01
CAMP_0777,SEO,East,18-24,Oct,42916,3925,476.0,3317.07,37346.89
CAMP_0778,Social Media,West,18-24,Oct,36459,4088,263.0,1643.94,
CAMP_0779,Email,East,35-44,Sep,48078,3943,613.0,1925.47,72384.46
CAMP_0780,PPC,North,25-34,Sep,36135,2152,97.0,2685.1,8474.92
CAMP_0781,Social Media,South,45-54,Apr,23322,2291,135.0,2121.82,26510.57
CAMP_0782,SEO,West,35-44,Aug,43531,1509,184.0,1645.76,25105.08
CAMP_0783,Email,East,45-54,Dec,30521,2944,276.0,537.56,73064.96
CAMP_0784,PPC,South,45-54,Jan,30217,3766,273.0,7248.48,46746.32
CAMP_0785,Email,South,55+,Nov,49880,2648,412.0,2220.89,48799.69
CAMP_0786,SEO,North,35-44,Feb,35938,4402,524.0,1968.73,207799.15
CAMP_0787,PPC,West,25-34,Sep,19320,2060,146.0,2312.43,6964.28
CAMP_0788,SEO,South,25-34,Dec,1801,264,33.0,3390.17,9680.84
CAMP_0789,TV Ad,South,35-44,Jun,37145,1172,35.0,9348.87,3961.13
CAMP_0790,SEO,South,18-24,Mar,20731,1992,210.0,1310.06,70925.67
CAMP_0791,Influencer,North,35-44,Mar,8612,842,43.0,5169.06,8145.25
CAMP_0792,Email,South,18-24,Mar,21431,1195,178.0,1317.52,20525.16
CAMP_0793,Influencer,West,55+,Mar,41931,2492,163.0,4637.46,
CAMP_0794,Social Media,West,25-34,Dec,19847,1274,123.0,3931.35,11033.58
CAMP_0795,Email,South,45-54,Jan,17713,1095,128.0,524.45,60546.19
CAMP_0796,Email,North,25-34,Aug,49380,4265,504.0,1774.96,195459.16
CAMP_0797,Email,East,35-44,Dec,27013,2231,296.0,1300.15,101145.58
CAMP_0798,Email,West,35-44,Apr,16248,2017,224.0,1077.45,28275.76
CAMP_0799,Email,West,35-44,May,42907,2974,444.0,1229.67,104538.02
CAMP_0800,Influencer,West,25-34,Jun,24178,607,40.0,9144.93,7233.36
CAMP_0801,PPC,North,25-34,Oct,20257,744,56.0,5069.54,4906.36
CAMP_0802,PPC,North,55+,Nov,47792,6343,420.0,3833.89,43793.15
CAMP_0803,TV Ad,West,35-44,May,44728,3649,105.0,16858.51,7572.45
CAMP_0804,Social Media,East,45-54,Jul,1560,138,10.0,2500.4,2192.34
CAMP_0805,Influencer,South,18-24,Jun,36645,2706,145.0,5535.27,17922.13
CAMP_0806,Social Media,West,18-24,Aug,35493,4529,421.0,1669.88,31716.97
CAMP_0807,Social Media,West,55+,Apr,48928,2907,222.0,2302.81,18590.37
CAMP_0808,Influencer,South,18-24,Jul,22605,921,79.0,5441.33,9650.66
CAMP_0809,SEO,East,35-44,May,22274,1580,145.0,924.16,31017.26
CAMP_0810,Email,East,35-44,May,31628,1662,236.0,2189.73,32305.41
CAMP_0811,Email,East,35-44,Sep,12162,806,111.0,2756.36,41077.12
CAMP_0812,PPC,West,18-24,Oct,37558,946,73.0,4410.88,4367.09
CAMP_0813,Social Media,North,45-54,Sep,26964,2101,201.0,3544.53,26462.45
CAMP_0814,PPC,West,18-24,Jan,22823,509,38.0,4368.84,4623.66
CAMP_0815,Email,South,18-24,Feb,30508,2701,407.0,1618.92,101799.26
CAMP_0816,Email,West,35-44,Aug,16704,2382,,2749.03,108220.95
CAMP_0817,SEO,North,25-34,Jan,3402,298,21.0,1295.5,6472.6
CAMP_0818,Email,North,45-54,Feb,33624,3168,268.0,2802.91,54051.7
CAMP_0819,PPC,North,45-54,Dec,11839,1043,54.0,2110.15,8546.83
CAMP_0820,SEO,West,45-54,May,49356,6348,460.0,938.14,146344.49
CAMP_0821,TV Ad,West,55+,Jul,12317,665,14.0,19942.46,472.02
CAMP_0822,PPC,West,18-24,Jul,45098,3294,161.0,3272.27,29285.59
CAMP_0823,PPC,South,18-24,Jun,34214,4121,246.0,5431.39,35641.86
CAMP_0824,Social Media,East,25-34,Nov,36690,4322,431.0,2298.03,71178.08
CAMP_0825,Influencer,East,45-54,Feb,6958,805,65.0,7383.81,8971.02
CAMP_0826,TV Ad,North,45-54,May,49223,2386,69.0,15799.39,6190.36
CAMP_0827,Influencer,West,25-34,Jun,28213,2429,151.0,4892.44,15965.21
CAMP_0828,Social Media,South,45-54,Oct,12254,943,80.0,3516.88,6672.86
CAMP_0829,Email,North,45-54,Aug,26675,1734,246.0,1707.54,27667.1
CAMP_0830,SEO,East,35-44,Feb,10795,790,92.0,2072.87,15212.24
CAMP_0831,Social Media,East,35-44,Jul,26287,2439,193.0,3007.74,17151.66
CAMP_0832,Social Media,South,18-24,Sep,25846,3649,370.0,1898.24,28114.91
CAMP_0833,Social Media,East,55+,Aug,22702,2697,205.0,2962.78,57863.24
CAMP_0834,Influencer,South,55+,Nov,34092,3849,340.0,8471.45,85270.61
CAMP_0835,SEO,South,35-44,Jan,41795,6117,743.0,3897.5,234281.99
CAMP_0836,Social Media,South,25-34,Sep,39216,5309,391.0,1184.28,65936.12
CAMP_0837,Social Media,South,35-44,Jul,16167,370,31.0,4277.71,7476.59
CAMP_0838,Influencer,East,25-34,Nov,23391,1448,97.0,4140.32,23337.1
CAMP_0839,SEO,South,55+,Jun,14017,1593,153.0,961.62,18974.14
CAMP_0840,Influencer,South,45-54,Feb,31382,825,55.0,3554.75,11095.25
CAMP_0841,Email,East,18-24,Jun,1713,229,24.0,574.34,6893.96
CAMP_0842,Email,West,18-24,Aug,32707,3301,326.0,761.41,88248.12
CAMP_0843,Influencer,East,18-24,Mar,27623,2518,130.0,8056.61,20721.3
CAMP_0844,SEO,West,45-54,Feb,35743,3644,319.0,1965.19,86931.17
CAMP_0845,Influencer,East,45-54,Jun,18360,441,39.0,5083.0,3925.35
CAMP_0846,PPC,North,45-54,Mar,14025,1087,82.0,7835.76,8988.0
CAMP_0847,Email,East,55+,Mar,30369,1540,140.0,1036.41,39420.46
CAMP_0848,SEO,East,45-54,Apr,14769,1799,225.0,1927.39,74615.98
CAMP_0849,Influencer,East,35-44,Nov,37880,3281,197.0,5448.62,25098.47
CAMP_0850,Social Media,North,55+,Oct,13931,572,59.0,1168.8,9464.94
CAMP_0851,Email,West,55+,Sep,46559,2563,336.0,2688.41,48552.36
CAMP_0852,SEO,North,18-24,Jul,48482,5218,563.0,1405.05,126004.02
CAMP_0853,Email,South,55+,Jul,46708,4509,407.0,1406.92,57159.2
CAMP_0854,SEO,West,55+,Dec,14854,480,61.0,2780.59,11727.52
CAMP_0855,PPC,East,45-54,Jul,39736,5418,361.0,6875.68,15995.34
CAMP_0856,SEO,North,25-34,Apr,44242,2131,234.0,2414.16,36932.08
CAMP_0857,Social Media,North,45-54,Oct,3580,213,18.0,2016.59,2354.11
CAMP_0858,SEO,West,35-44,Oct,47585,4992,393.0,2220.34,97360.57
CAMP_0859,PPC,East,35-44,May,3176,253,12.0,5994.71,451.93
CAMP_0860,Influencer,East,18-24,Jun,14411,526,39.0,3038.11,2238.75
CAMP_0861,PPC,North,25-34,Mar,8400,447,29.0,7054.23,3011.64
CAMP_0862,PPC,South,18-24,Jun,15318,885,68.0,4983.45,7166.97
CAMP_0863,Social Media,East,18-24,Jan,41077,5635,466.0,4655.26,120603.98
CAMP_0864,Influencer,West,25-34,Sep,37943,857,62.0,3268.55,13298.93
CAMP_0865,Influencer,North,18-24,Feb,43865,1186,94.0,6127.18,13612.11
CAMP_0866,Social Media,East,45-54,Feb,17450,2353,237.0,4845.67,53178.27
CAMP_0867,Email,South,55+,Jan,16456,2148,213.0,2008.96,61296.17
CAMP_0868,Social Media,North,45-54,May,22113,3162,240.0,4169.56,39805.54
CAMP_0869,SEO,South,18-24,Mar,18625,1848,220.0,3877.13,30694.9
CAMP_0870,Social Media,South,18-24,Feb,1690,244,24.0,3884.64,5421.65
CAMP_0871,Social Media,North,45-54,Aug,39546,5088,321.0,1338.6,48696.52
CAMP_0872,Social Media,North,18-24,Dec,40384,5400,502.0,2574.73,100826.35
CAMP_0873,Email,North,55+,Sep,13674,460,57.0,2854.54,21431.29
CAMP_0874,Email,East,18-24,Jul,20285,1918,274.0,1769.74,66585.88
CAMP_0875,Social Media,West,18-24,Oct,41775,1135,108.0,2368.09,11300.33
CAMP_0876,Social Media,West,35-44,May,36395,3475,313.0,2648.39,72573.84
CAMP_0877,PPC,East,18-24,Jan,6914,618,40.0,6055.95,5917.37
CAMP_0878,Social Media,North,35-44,Oct,11756,1342,132.0,4775.98,28842.44
CAMP_0879,TV Ad,North,18-24,Jul,22159,950,33.0,9216.11,2985.8
CAMP_0880,Email,West,35-44,Apr,40973,5111,651.0,2061.99,231355.77
CAMP_0881,PPC,North,35-44,Mar,45772,6694,386.0,2303.58,56222.75
CAMP_0882,Social Media,North,18-24,Aug,37331,1453,109.0,3724.2,15842.6
CAMP_0883,Social Media,East,25-34,Sep,35445,4776,,4934.39,31699.71
CAMP_0884,TV Ad,West,18-24,Sep,1694,91,2.0,5693.93,
CAMP_0885,PPC,North,45-54,Apr,12441,487,21.0,6674.03,3694.14
CAMP_0886,Email,North,18-24,Jun,39952,4134,358.0,2303.22,131192.0
CAMP_0887,Social Media,East,35-44,Feb,28457,3661,277.0,3571.21,
CAMP_0888,SEO,East,45-54,Mar,9606,844,73.0,2649.21,24359.58
CAMP_0889,SEO,North,55+,Oct,26117,3130,359.0,3166.79,57610.65
CAMP_0890,PPC,South,45-54,Jan,38122,3701,280.0,2849.13,31090.1
CAMP_0891,Social Media,East,45-54,Mar,31285,3247,237.0,4986.73,11356.43
CAMP_0892,Email,East,35-44,Jun,31413,2413,251.0,729.96,26911.87
CAMP_0893,TV Ad,West,55+,Feb,21300,577,16.0,11388.4,420.98
CAMP_0894,Email,West,18-24,Oct,3768,532,65.0,740.31,8738.82
CAMP_0895,Social Media,West,45-54,May,39644,5506,363.0,4498.42,26458.76
CAMP_0896,Email,South,25-34,Jan,25754,2066,262.0,2514.64,76719.86
CAMP_0897,Email,South,18-24,Feb,6283,230,26.0,1614.45,7933.21
CAMP_0898,Influencer,East,18-24,Feb,1526,46,3.0,4375.09,708.24
CAMP_0899,Social Media,North,55+,Oct,45472,4740,342.0,2512.1,77866.36
CAMP_0900,Email,West,45-54,Sep,22604,2812,417.0,2373.79,100754.95
CAMP_0901,PPC,North,35-44,Mar,33262,2780,150.0,3720.89,7510.27
CAMP_0902,Social Media,East,18-24,Dec,20689,2168,197.0,4818.56,
CAMP_0903,Email,North,45-54,Dec,21478,773,119.0,1173.4,13687.64
CAMP_0904,Influencer,North,55+,Nov,22346,1141,75.0,4798.67,10325.47
CAMP_0905,Social Media,South,55+,Mar,43218,4048,295.0,4762.15,38680.55
CAMP_0906,Influencer,East,45-54,Jun,38180,2931,191.0,9608.66,12421.03
CAMP_0907,Influencer,North,35-44,Oct,13288,624,54.0,4108.0,7958.08
CAMP_0908,PPC,East,55+,Apr,5023,636,40.0,2790.46,5259.48
CAMP_0909,Email,West,55+,Aug,27502,3375,355.0,2114.4,80863.23
CAMP_0910,Email,West,45-54,Oct,18273,1054,89.0,991.72,20328.7
CAMP_0911,Social Media,East,18-24,Feb,41392,873,84.0,4937.77,16901.99
CAMP_0912,Influencer,East,25-34,Jan,19799,1392,106.0,3108.13,4744.87
CAMP_0913,SEO,West,18-24,Sep,8372,1062,87.0,2605.42,14728.27
CAMP_0914,Social Media,East,55+,Apr,22676,1899,183.0,1300.81,30507.73
CAMP_0915,Social Media,West,18-24,Jul,43322,2382,225.0,2298.22,47530.4
CAMP_0916,Social Media,North,18-24,Oct,21714,2323,211.0,2968.86,39697.42
CAMP_0917,Email,East,35-44,Jan,47835,1628,187.0,784.4,21733.97
CAMP_0918,Social Media,North,45-54,Aug,18140,2184,140.0,4413.39,33501.08
CAMP_0919,Email,East,25-34,Jun,32250,2782,350.0,1612.77,81461.11
CAMP_0920,Influencer,East,55+,Feb,1496,205,18.0,4147.44,4031.67
CAMP_0921,TV Ad,East,45-54,Jul,8630,950,33.0,5948.94,3647.21
CAMP_0922,Email,West,55+,Jul,24238,2332,239.0,596.48,111258.7
CAMP_0923,Social Media,East,35-44,Oct,7553,1069,71.0,1131.2,6269.92
CAMP_0924,SEO,North,55+,Mar,19296,1416,100.0,1292.0,29886.83
CAMP_0925,PPC,North,18-24,Jun,29991,3648,256.0,3318.34,40842.78
CAMP_0926,Influencer,North,25-34,Apr,45721,1608,97.0,7260.08,10884.13
CAMP_0927,PPC,West,45-54,Feb,31346,1017,76.0,3820.98,7475.62
CAMP_0928,PPC,West,25-34,Jun,30176,3243,234.0,2238.27,27044.99
CAMP_0929,SEO,North,45-54,Mar,12284,574,48.0,2260.24,11745.12
CAMP_0930,Social Media,East,25-34,Sep,9252,1119,106.0,4304.87,15636.64
CAMP_0931,Email,East,18-24,Jan,1493,180,18.0,2485.96,5393.08
CAMP_0932,Social Media,North,45-54,Nov,2806,93,8.0,1163.91,973.71
CAMP_0933,Social Media,South,45-54,May,47648,6901,616.0,1451.19,92983.32
CAMP_0934,SEO,North,25-34,Nov,37163,1985,251.0,2565.85,82624.6
CAMP_0935,Email,North,18-24,Jun,8507,801,92.0,2550.69,29692.56
CAMP_0936,SEO,North,25-34,Apr,39665,2699,267.0,3137.33,30210.78
CAMP_0937,Influencer,South,55+,Apr,6938,996,79.0,6135.61,13238.95
CAMP_0938,SEO,East,18-24,Apr,7474,460,57.0,3923.45,17108.0
CAMP_0939,Influencer,South,45-54,Feb,8512,222,18.0,9917.83,1513.96
CAMP_0940,SEO,South,18-24,Dec,36343,4442,315.0,2991.27,56707.78
CAMP_0941,Influencer,North,55+,Nov,40023,2309,174.0,7164.67,24011.29
CAMP_0942,TV Ad,West,55+,Nov,47433,5748,183.0,18010.32,11391.72
CAMP_0943,Social Media,South,18-24,May,43645,3165,310.0,4855.27,40668.22
CAMP_0944,Email,West,35-44,Aug,14751,1793,197.0,1259.31,55384.62
CAMP_0945,PPC,South,18-24,Jan,47113,3300,186.0,4997.29,39177.77
CAMP_0946,SEO,West,45-54,Feb,9245,247,27.0,2004.2,3651.34
CAMP_0947,Email,North,18-24,Jul,12894,1327,138.0,1100.78,41147.69
CAMP_0948,Social Media,North,55+,Oct,10308,1540,107.0,1007.25,9394.55
CAMP_0949,Social Media,West,55+,Aug,24365,1738,125.0,1078.9,
CAMP_0950,SEO,South,18-24,Jan,18274,1333,168.0,2987.5,45559.66
CAMP_0951,Email,West,18-24,Apr,31985,4011,620.0,1263.53,283318.51
CAMP_0952,Email,East,55+,Mar,5846,341,46.0,2221.61,7949.97
CAMP_0953,Social Media,East,55+,Jul,7680,512,31.0,1673.04,5176.7
CAMP_0954,PPC,South,25-34,Mar,38629,2996,153.0,5542.56,9769.99
CAMP_0955,PPC,North,35-44,Mar,26921,1979,106.0,6064.05,8230.35
CAMP_0956,PPC,West,18-24,Aug,25059,2834,139.0,7528.75,24287.96
CAMP_0957,Email,West,35-44,Oct,6492,202,19.0,1319.14,1938.64
CAMP_0958,PPC,South,55+,Sep,30928,3417,185.0,4190.56,7778.36
CAMP_0959,PPC,North,35-44,Jul,18591,1392,78.0,2981.27,5775.42
CAMP_0960,Influencer,South,45-54,Feb,21092,1631,81.0,8577.94,9199.65
CAMP_0961,PPC,South,25-34,Sep,1036,124,8.0,2559.79,1168.79
CAMP_0962,Email,South,35-44,Mar,7333,822,81.0,1698.54,10139.87
CAMP_0963,PPC,South,45-54,Jul,25918,2124,109.0,6761.79,11801.78
CAMP_0964,Social Media,North,55+,May,35283,977,59.0,1314.65,6338.9
CAMP_0965,Influencer,North,55+,Oct,27091,2509,218.0,3881.58,14152.32
CAMP_0966,PPC,West,45-54,Nov,9775,411,22.0,4774.74,2956.48
CAMP_0967,Email,West,55+,Nov,17800,2098,298.0,531.06,59141.82
CAMP_0968,Influencer,East,18-24,Sep,12019,1542,98.0,6427.93,14702.72
CAMP_0969,Influencer,West,18-24,Jul,1591,125,8.0,3928.23,1110.04
CAMP_0970,Email,South,25-34,Nov,29979,3285,419.0,890.83,103965.09
CAMP_0971,Email,North,45-54,Jun,32815,2109,226.0,1938.75,25181.98
CAMP_0972,TV Ad,West,35-44,Sep,18771,595,18.0,9998.63,1528.24
CAMP_0973,Email,South,55+,Oct,43663,3427,499.0,1944.15,150303.62
CAMP_0974,Social Media,North,45-54,Mar,41581,851,57.0,4329.99,7497.85
CAMP_0975,TV Ad,North,35-44,May,5923,853,31.0,16586.16,1004.45
CAMP_0976,SEO,North,55+,Jan,23553,506,39.0,2817.27,4123.6
CAMP_0977,Email,East,45-54,Nov,38812,1099,160.0,2281.88,32011.51
CAMP_0978,PPC,South,18-24,Aug,6914,324,21.0,2430.89,1360.39
CAMP_0979,Social Media,North,18-24,Oct,33849,3640,223.0,1967.84,34576.41
CAMP_0980,Social Media,South,35-44,May,16367,1908,169.0,4827.26,30362.09
CAMP_0981,Social Media,West,45-54,Apr,38018,3781,386.0,2747.11,18342.51
CAMP_0982,Email,North,55+,Dec,4676,505,61.0,2683.14,9361.98
CAMP_0983,TV Ad,South,45-54,Apr,24052,592,13.0,18982.01,323.61
CAMP_0984,Influencer,West,55+,Jan,37263,5304,453.0,3945.27,43504.56
CAMP_0985,Email,East,35-44,Jun,37843,3482,445.0,1290.26,162105.62
CAMP_0986,Email,East,25-34,Jul,16765,2445,367.0,1990.46,101065.62
CAMP_0987,Social Media,West,55+,May,7200,596,40.0,2008.81,3237.14
CAMP_0988,Social Media,East,55+,Mar,26544,2359,176.0,3149.67,46787.46
CAMP_0989,SEO,West,45-54,May,32323,1218,150.0,3319.52,52178.34
CAMP_0990,Email,West,55+,Nov,8971,778,110.0,2648.33,22659.57
CAMP_0991,PPC,East,55+,Sep,45045,6714,418.0,4479.17,33082.37
CAMP_0992,Email,West,55+,May,13468,1466,206.0,2743.55,21144.78
CAMP_0993,Social Media,North,35-44,May,14864,1046,72.0,2097.65,15099.01
CAMP_0994,Email,East,18-24,Jan,19643,943,89.0,1361.26,9963.05
CAMP_0995,SEO,West,55+,Nov,49744,4312,475.0,3595.44,43807.89
CAMP_0996,Email,East,25-34,Jul,26792,1747,212.0,2818.79,51169.88
CAMP_0997,Influencer,West,18-24,Jul,10432,761,59.0,9155.78,8508.52
CAMP_0998,Influencer,South,55+,Jan,25509,1818,163.0,9952.15,24656.72
CAMP_0999,Influencer,West,35-44,Jun,3611,463,38.0,7076.5,3270.26
CAMP_1000,PPC,East,25-34,Nov,40328,3650,281.0,3328.96,39698.67
